{
    "criteria": {
        "requirement": {
            "trigger": "minecraft:tick",
            "conditions": {
                "player": [
                    {
                        "condition": "minecraft:entity_properties",
                        "entity": "this",
                        "predicate": {
                            "type_specific": {
                                "type": "player",
                                "looking_at": {
                                    "nbt": "{}"
                                }
                            }
                        }
                    }
                ]
            }
        }
    },
    "rewards": {
        "function": "ml_ces:system/event/player/look_at/look_at"
    }
}